<?xml version="1.0"?>
<RuleConfigInfo xmlns:xsi="http://www.w3.org/2001/XMLSchema-instance" xmlns:xsd="http://www.w3.org/2001/XMLSchema">
  <GetSiteCharset>
    <FilterPattern />
    <Method>Match</Method>
    <Options>None</Options>
    <Pattern>gbk</Pattern>
    <RegexName>GetSiteCharset</RegexName>
  </GetSiteCharset>
  <GetSiteName>
    <FilterPattern />
    <Method>Match</Method>
    <Options>None</Options>
    <Pattern>http://www.biquge.cm/</Pattern>
    <RegexName>GetSiteName</RegexName>
  </GetSiteName>
  <GetSiteUrl>
    <FilterPattern />
    <Method>Match</Method>
    <Options>None</Options>
    <Pattern>http://www.biquge.cm/</Pattern>
    <RegexName>GetSiteUrl</RegexName>
  </GetSiteUrl>
  <LagerSort>
    <FilterPattern />
    <Method>Match</Method>
    <Options>None</Options>
    <Pattern>&lt;a href="/"&gt;笔趣阁&lt;/a&gt; &amp;gt;(.+?)&amp;gt</Pattern>
    <RegexName>LagerSort</RegexName>
  </LagerSort>
  <NovelAuthor>
    <FilterPattern />
    <Method>Match</Method>
    <Options>None</Options>
    <Pattern>者：(.+?)&lt;/p&gt;</Pattern>
    <RegexName>NovelAuthor</RegexName>
  </NovelAuthor>
  <NovelCover>
    <FilterPattern />
    <Method>Match</Method>
    <Options>None</Options>
    <Pattern>&lt;img alt=".+?" src="(.+?)" onerror</Pattern>
    <RegexName>NovelCover</RegexName>
  </NovelCover>
  <NovelDefaultCoverUrl>
    <FilterPattern />
    <Method>Match</Method>
    <Options>None</Options>
    <Pattern />
    <RegexName>NovelDefaultCoverUrl</RegexName>
  </NovelDefaultCoverUrl>
  <NovelDegree>
    <FilterPattern>连载♂连载中
完成♂已完成</FilterPattern>
    <Method>Match</Method>
    <Options>None</Options>
    <Pattern>态：(.+?)&lt;/p&gt;</Pattern>
    <RegexName>NovelDegree</RegexName>
  </NovelDegree>
  <NovelErr>
    <FilterPattern />
    <Method>Match</Method>
    <Options>None</Options>
    <Pattern>未找到该编号的书籍信息</Pattern>
    <RegexName>NovelErr</RegexName>
  </NovelErr>
  <NovelInfo_GetNovelPubKey>
    <FilterPattern />
    <Method>Match</Method>
    <Options>IgnoreCase Singleline</Options>
    <Pattern />
    <RegexName>NovelInfo_GetNovelPubKey</RegexName>
  </NovelInfo_GetNovelPubKey>
  <NovelIntro>
    <FilterPattern>&lt;/p&gt;
各位书友要是觉得《.+?》还不错的话请不要忘记向您QQ群和微博里的朋友推荐哦！</FilterPattern>
    <Method>Match</Method>
    <Options>None</Options>
    <Pattern>&lt;div id="intro"&gt;((.|\n)+?)&lt;/div&gt;</Pattern>
    <RegexName>NovelIntro</RegexName>
  </NovelIntro>
  <NovelKeyword>
    <FilterPattern />
    <Method>Match</Method>
    <Options>None</Options>
    <Pattern />
    <RegexName>NovelKeyword</RegexName>
  </NovelKeyword>
  <NovelList_GetNovelKey>
    <FilterPattern>&lt;/span&gt;&lt;span class="s2"&gt;&lt;a href="http://www.biquge.cm/8/8729/" target="_blank"&gt;天界归来&lt;/a&gt;&lt;/span&gt;</FilterPattern>
    <Method>Match</Method>
    <Options>None</Options>
    <Pattern>&lt;span class="s2"&gt;&lt;a href="http://www.biquge.cm/\d*/(\d*)/" target="_blank"&gt;(.+?)&lt;/a&gt;</Pattern>
    <RegexName>NovelList_GetNovelKey</RegexName>
  </NovelList_GetNovelKey>
  <NovelListUrl>
    <FilterPattern />
    <Method>Match</Method>
    <Options>None</Options>
    <Pattern>http://www.biquge.cm/</Pattern>
    <RegexName>NovelListUrl</RegexName>
  </NovelListUrl>
  <NovelName>
    <FilterPattern />
    <Method>Match</Method>
    <Options>None</Options>
    <Pattern>&lt;h1&gt;(.+?)&lt;/h1&gt;</Pattern>
    <RegexName>NovelName</RegexName>
  </NovelName>
  <NovelSearch_GetNovelKey>
    <FilterPattern />
    <Method>Match</Method>
    <Options>None</Options>
    <Pattern />
    <RegexName>NovelSearch_GetNovelKey</RegexName>
  </NovelSearch_GetNovelKey>
  <NovelSearchData>
    <FilterPattern />
    <Method>Match</Method>
    <Options>None</Options>
    <Pattern />
    <RegexName>NovelSearchData</RegexName>
  </NovelSearchData>
  <NovelSearchUrl>
    <FilterPattern />
    <Method>Match</Method>
    <Options>None</Options>
    <Pattern />
    <RegexName>NovelSearchUrl</RegexName>
  </NovelSearchUrl>
  <NovelUrl>
    <FilterPattern>8/8729/</FilterPattern>
    <Method>Match</Method>
    <Options>None</Options>
    <Pattern>http://www.biquge.cm/{NovelKey/1000}/{NovelKey}/</Pattern>
    <RegexName>NovelUrl</RegexName>
  </NovelUrl>
  <PubChapter_GetChapterKey>
    <FilterPattern />
    <Method>Match</Method>
    <Options>IgnoreCase Singleline</Options>
    <Pattern>&lt;dd&gt;&lt;a href="/\d*/\d*/(\d*).html"&gt;.+?&lt;/a&gt;&lt;/dd&gt;</Pattern>
    <RegexName>PubChapter_GetChapterKey</RegexName>
  </PubChapter_GetChapterKey>
  <PubChapterName>
    <FilterPattern />
    <Method>Match</Method>
    <Options>IgnoreCase Singleline</Options>
    <Pattern>&lt;dd&gt;&lt;a href="/\d*/\d*/\d*.html"&gt;(.+?)&lt;/a&gt;&lt;/dd&gt;</Pattern>
    <RegexName>PubChapterName</RegexName>
  </PubChapterName>
  <PubContent_GetTextKey>
    <FilterPattern />
    <Method>Match</Method>
    <Options>None</Options>
    <Pattern />
    <RegexName>PubContent_GetTextKey</RegexName>
  </PubContent_GetTextKey>
  <PubContentErr>
    <FilterPattern />
    <Method>Match</Method>
    <Options>None</Options>
    <Pattern>这里必须填写</Pattern>
    <RegexName>PubContentErr</RegexName>
  </PubContentErr>
  <PubContentImages>
    <FilterPattern />
    <Method>Match</Method>
    <Options>None</Options>
    <Pattern>&lt;[^&lt;]*((?&lt;=&lt;(?:img|IMG)[^&gt;]*(?:(?:src|SRC)(?:\s*=\s*(?:["']?))))(?:[^\s"'&gt;]*)\.(?:jpg|gif|jpeg|bmp|png|GIF|JPG))[^&gt;]*&gt;</Pattern>
    <RegexName>PubContentImages</RegexName>
  </PubContentImages>
  <PubContentPage>
    <FilterPattern />
    <Method>Match</Method>
    <Options>None</Options>
    <Pattern />
    <RegexName />
  </PubContentPage>
  <PubContentReplace>
    <FilterPattern />
    <Method>Match</Method>
    <Options>None</Options>
    <Pattern>&lt;div.+?&gt;
&lt;/dd&gt;
&lt;a.+?&lt;/a&gt;
Q|ｑ|Ｑ♂q
W|ｗ|Ｗ♂w
E|ｅ|Ｅ♂e
R|ｒ|Ｒ♂r
T|ｔ|Ｔ♂t
Y|ｙ|Ｙ♂y
U|ｕ|Ｕ♂u
I|ｉ|Ｉ♂i
O|ｏ|Ｏ♂o
P|ｐ|Ｐ♂p
A|ａ|Ａ♂a
S|ｓ|Ｓ♂s
D|ｄ|Ｄ♂d
F|ｆ|Ｆ♂f
G|ｇ|Ｇ♂g
H|ｈ|Ｈ♂h
J|ｊ|Ｊ♂j
K|ｋ|Ｋ♂k
L|ｌ|Ｌ♂l
Z|ｚ|Ｚ♂z
X|ｘ|Ｘ♂x
C|ｃ|Ｃ♂c
V|ｖ|Ｖ♂v
B|ｂ|Ｂ♂b
N|ｎ|Ｎ♂n
M|ｍ|Ｍ♂m
零点看书♂
00ks.com♂
www.lingdiankanshu.com♂
lingdiankanshu.com♂
lingdiankanshu.Com♂
Lingdiankanshu.com♂
请使用本站的拼音域名访问我们♂
零点看书♂</Pattern>
    <RegexName>PubContentReplace</RegexName>
  </PubContentReplace>
  <PubContentText>
    <FilterPattern>www.你的域名.com
你的域名.+?com</FilterPattern>
    <Method>Match</Method>
    <Options>None</Options>
    <Pattern>&lt;div id="content"&gt;((.|\n)+?)&lt;/div&gt;</Pattern>
    <RegexName>PubContentText</RegexName>
  </PubContentText>
  <PubContentTitle>
    <FilterPattern />
    <Method>Match</Method>
    <Options>None</Options>
    <Pattern />
    <RegexName>PubContentTitle</RegexName>
  </PubContentTitle>
  <PubContentUrl>
    <FilterPattern />
    <Method>Match</Method>
    <Options>None</Options>
    <Pattern>{ChapterKey}.html</Pattern>
    <RegexName>PubContentUrl</RegexName>
  </PubContentUrl>
  <PubCookies>
    <FilterPattern />
    <Method>Match</Method>
    <Options>None</Options>
    <Pattern />
    <RegexName>PubCookies</RegexName>
  </PubCookies>
  <PubIndexErr>
    <FilterPattern />
    <Method>Match</Method>
    <Options>None</Options>
    <Pattern>这里必须填写</Pattern>
    <RegexName>PubIndexErr</RegexName>
  </PubIndexErr>
  <PubIndexUrl>
    <FilterPattern />
    <Method>Match</Method>
    <Options>IgnoreCase</Options>
    <Pattern>http://www.biquge.cm/{NovelKey/1000}/{NovelKey}/</Pattern>
    <RegexName>PubIndexUrl</RegexName>
  </PubIndexUrl>
  <PubTextUrl>
    <FilterPattern />
    <Method>Match</Method>
    <Options>None</Options>
    <Pattern />
    <RegexName>PubTextUrl</RegexName>
  </PubTextUrl>
  <PubVolumeContent>
    <FilterPattern />
    <Method>Match</Method>
    <Options>None</Options>
    <Pattern />
    <RegexName>PubVolumeContent</RegexName>
  </PubVolumeContent>
  <PubVolumeName>
    <FilterPattern />
    <Method>Match</Method>
    <Options>None</Options>
    <Pattern>&lt;dl&gt;</Pattern>
    <RegexName>PubVolumeName</RegexName>
  </PubVolumeName>
  <PubVolumeSplit>
    <FilterPattern />
    <Method>Spilt</Method>
    <Options>None</Options>
    <Pattern>&lt;dl&gt;</Pattern>
    <RegexName>PubVolumeSplit</RegexName>
  </PubVolumeSplit>
  <RuleID>
    <FilterPattern />
    <Method>Match</Method>
    <Options>None</Options>
    <Pattern>124</Pattern>
    <RegexName>RuleID</RegexName>
  </RuleID>
  <RuleVersion>
    <FilterPattern />
    <Method>Match</Method>
    <Options>None</Options>
    <Pattern />
    <RegexName>RuleVersion</RegexName>
  </RuleVersion>
  <SmallSort>
    <FilterPattern />
    <Method>Match</Method>
    <Options>None</Options>
    <Pattern>&lt;a href="/"&gt;笔趣阁&lt;/a&gt; &amp;gt;(.+?)&amp;gt</Pattern>
    <RegexName>SmallSort</RegexName>
  </SmallSort>
  <TsContrary>
    <FilterPattern />
    <Method>Match</Method>
    <Options>None</Options>
    <Pattern />
    <RegexName />
  </TsContrary>
</RuleConfigInfo>