<?xml version="1.0"?>
<RuleConfigInfo xmlns:xsi="http://www.w3.org/2001/XMLSchema-instance" xmlns:xsd="http://www.w3.org/2001/XMLSchema">
  <RuleVersion>
    <FilterPattern />
    <Method>Match</Method>
    <Options>None</Options>
    <Pattern />
    <RegexName>RuleVersion</RegexName>
  </RuleVersion>
  <RuleID>
    <FilterPattern />
    <Method>Match</Method>
    <Options>None</Options>
    <Pattern>22</Pattern>
    <RegexName>RuleID</RegexName>
  </RuleID>
  <GetSiteName>
    <FilterPattern />
    <Method>Match</Method>
    <Options>None</Options>
    <Pattern>http://www.kuduxs.com/top-lastupdate/</Pattern>
    <RegexName>GetSiteName</RegexName>
  </GetSiteName>
  <GetSiteCharset>
    <FilterPattern />
    <Method>Match</Method>
    <Options>None</Options>
    <Pattern>gbk</Pattern>
    <RegexName>GetSiteCharset</RegexName>
  </GetSiteCharset>
  <GetSiteUrl>
    <FilterPattern />
    <Method>Match</Method>
    <Options>None</Options>
    <Pattern />
    <RegexName>GetSiteUrl</RegexName>
  </GetSiteUrl>
  <NovelSearchUrl>
    <FilterPattern />
    <Method>Match</Method>
    <Options>IgnoreCase</Options>
    <Pattern />
    <RegexName>NovelSearchUrl</RegexName>
  </NovelSearchUrl>
  <NovelSearchData>
    <FilterPattern />
    <Method>Match</Method>
    <Options>None</Options>
    <Pattern />
    <RegexName>NovelSearchData</RegexName>
  </NovelSearchData>
  <NovelSearch_GetNovelKey>
    <FilterPattern />
    <Method>Match</Method>
    <Options>IgnoreCase Singleline</Options>
    <Pattern />
    <RegexName>NovelSearch_GetNovelKey</RegexName>
  </NovelSearch_GetNovelKey>
  <NovelListUrl>
    <FilterPattern />
    <Method>Match</Method>
    <Options>None</Options>
    <Pattern>http://www.kuduxs.com/top-lastupdate/</Pattern>
    <RegexName>NovelListUrl</RegexName>
  </NovelListUrl>
  <NovelListFilter>
    <FilterPattern />
    <Method>Match</Method>
    <Options>None</Options>
    <Pattern />
    <RegexName />
  </NovelListFilter>
  <NovelList_GetNovelKey>
    <FilterPattern />
    <Method>Match</Method>
    <Options>IgnoreCase</Options>
    <Pattern>&lt;span class="s2"&gt;&lt;a href="http://www.kuduxs.com/book-(\d*)/"&gt;(.+?)&lt;/a&gt;</Pattern>
    <RegexName>NovelList_GetNovelKey</RegexName>
  </NovelList_GetNovelKey>
  <NovelUrl>
    <FilterPattern />
    <Method>Match</Method>
    <Options>IgnoreCase</Options>
    <Pattern>http://www.kuduxs.com/book-{NovelKey}/</Pattern>
    <RegexName>NovelUrl</RegexName>
  </NovelUrl>
  <NovelErr>
    <FilterPattern />
    <Method>Match</Method>
    <Options>None</Options>
    <Pattern>未找到该编号的书籍信息</Pattern>
    <RegexName>NovelErr</RegexName>
  </NovelErr>
  <NovelName>
    <FilterPattern />
    <Method>Match</Method>
    <Options>IgnoreCase</Options>
    <Pattern>&lt;h1&gt;(.+?)&lt;/h1&gt;</Pattern>
    <RegexName>NovelName</RegexName>
  </NovelName>
  <NovelAuthor>
    <FilterPattern />
    <Method>Match</Method>
    <Options>None</Options>
    <Pattern>&lt;em&gt;作者：(.+?)&lt;/em&gt;</Pattern>
    <RegexName>NovelAuthor</RegexName>
  </NovelAuthor>
  <LagerSort>
    <FilterPattern />
    <Method>Match</Method>
    <Options>IgnoreCase</Options>
    <Pattern>&lt;span&gt;当前位置：&lt;/span&gt;.+?&amp;gt; &lt;a href=".+?"&gt;(.+?)&lt;/a&gt;</Pattern>
    <RegexName>LagerSort</RegexName>
  </LagerSort>
  <SmallSort>
    <FilterPattern />
    <Method>Match</Method>
    <Options>IgnoreCase</Options>
    <Pattern>&lt;span&gt;当前位置：&lt;/span&gt;.+?&amp;gt; &lt;a href=".+?"&gt;(.+?)&lt;/a&gt;</Pattern>
    <RegexName>SmallSort</RegexName>
  </SmallSort>
  <NovelIntro>
    <FilterPattern />
    <Method>Match</Method>
    <Options>IgnoreCase Singleline</Options>
    <Pattern>&lt;p class="book-intro"&gt;(.+?)&lt;/p&gt;</Pattern>
    <RegexName>NovelIntro</RegexName>
  </NovelIntro>
  <NovelKeyword>
    <FilterPattern />
    <Method>Match</Method>
    <Options>None</Options>
    <Pattern />
    <RegexName>NovelKeyword</RegexName>
  </NovelKeyword>
  <NovelDegree>
    <FilterPattern />
    <Method>Match</Method>
    <Options>None</Options>
    <Pattern>&lt;b&gt;状态：&lt;/b&gt;(.+?)&lt;b&gt;</Pattern>
    <RegexName>NovelDegree</RegexName>
  </NovelDegree>
  <NovelCover>
    <FilterPattern />
    <Method>Match</Method>
    <Options>None</Options>
    <Pattern>&lt;div class="book-img"&gt;\s*&lt;img src="(.+?)"</Pattern>
    <RegexName>NovelCover</RegexName>
  </NovelCover>
  <NovelDefaultCoverUrl>
    <FilterPattern />
    <Method>Match</Method>
    <Options>None</Options>
    <Pattern>nocover.jpg</Pattern>
    <RegexName>NovelDefaultCoverUrl</RegexName>
  </NovelDefaultCoverUrl>
  <NovelInfo_GetNovelPubKey>
    <FilterPattern />
    <Method>Match</Method>
    <Options>None</Options>
    <Pattern />
    <RegexName>NovelInfo_GetNovelPubKey</RegexName>
  </NovelInfo_GetNovelPubKey>
  <PubCookies>
    <FilterPattern />
    <Method>Match</Method>
    <Options>None</Options>
    <Pattern />
    <RegexName>PubCookies</RegexName>
  </PubCookies>
  <PubIndexUrl>
    <FilterPattern />
    <Method>Match</Method>
    <Options>IgnoreCase</Options>
    <Pattern>http://www.kuduxs.com/du/{NovelKey/1000}/{NovelKey}/index.html</Pattern>
    <RegexName>PubIndexUrl</RegexName>
  </PubIndexUrl>
  <PubIndexErr>
    <FilterPattern />
    <Method>Match</Method>
    <Options>None</Options>
    <Pattern>本行不能为空</Pattern>
    <RegexName>PubIndexErr</RegexName>
  </PubIndexErr>
  <PubVolumeContent>
    <FilterPattern />
    <Method>Match</Method>
    <Options>None</Options>
    <Pattern />
    <RegexName>PubVolumeContent</RegexName>
  </PubVolumeContent>
  <PubVolumeSplit>
    <FilterPattern />
    <Method>Match</Method>
    <Options>None</Options>
    <Pattern>&lt;dl class="chapterlist"&gt;</Pattern>
    <RegexName>PubVolumeSplit</RegexName>
  </PubVolumeSplit>
  <PubVolumeName>
    <FilterPattern />
    <Method>Match</Method>
    <Options>None</Options>
    <Pattern />
    <RegexName>PubVolumeName</RegexName>
  </PubVolumeName>
  <PubChapterName>
    <FilterPattern />
    <Method>Match</Method>
    <Options>IgnoreCase</Options>
    <Pattern>&lt;dd&gt;&lt;a href="/du/\d*/\d*/\d*.html" title="(.+?)"&gt;.+?&lt;/a&gt;&lt;/dd&gt;</Pattern>
    <RegexName>PubChapterName</RegexName>
  </PubChapterName>
  <PubChapter_GetChapterKey>
    <FilterPattern />
    <Method>Match</Method>
    <Options>IgnoreCase</Options>
    <Pattern>&lt;dd&gt;&lt;a href="/du/\d*/\d*/(\d*).html" title=".+?"&gt;.+?&lt;/a&gt;&lt;/dd&gt;</Pattern>
    <RegexName>PubChapter_GetChapterKey</RegexName>
  </PubChapter_GetChapterKey>
  <PubContentUrl>
    <FilterPattern />
    <Method>Match</Method>
    <Options>IgnoreCase</Options>
    <Pattern>http://www.kuduxs.com/du/{NovelKey/1000}/{NovelKey}/{ChapterKey}.html</Pattern>
    <RegexName>PubContentUrl</RegexName>
  </PubContentUrl>
  <PubContentErr>
    <FilterPattern />
    <Method>Match</Method>
    <Options>None</Options>
    <Pattern>这里必须填写</Pattern>
    <RegexName>PubContentErr</RegexName>
  </PubContentErr>
  <PubTextUrl>
    <FilterPattern />
    <Method>Match</Method>
    <Options>None</Options>
    <Pattern />
    <RegexName>PubTextUrl</RegexName>
  </PubTextUrl>
  <PubContentText>
    <FilterPattern>ㄧ|１|①|㈠|⑴|⒈|Ⅰ|ⅰ♂1
２|②|㈡|⑵|⒉|Ⅱ|ⅱ♂2
３|③|㈢|⑶|⒊|Ⅲ|ⅲ|З|з♂3
４|④|㈣|⑷|⒋|Ⅳ|ⅳ♂4
５|⑤|㈤|⑸|⒌|Ⅴ|ⅴ♂5
б|６|ⅵ|Ⅵ|⒍|⑹|㈥|⑥♂6
７|⑦|㈦|⑺|⒎|Ⅶ|ⅶ♂7
８|⑧|㈧|⑻|⒏|Ⅷ|ⅷ♂8
９|ⅸ|Ⅸ|⒐|⑼|㈨|⑨♂9
⑾|⒒♂11
⑿|⒓♂12
⒀|⒔♂13
⒁|⒕♂14
⒂|⒖♂15
⒃|⒗♂16
⒄|⒘♂17
E|ｅ|Ｅ♂e
R|ｒ|Ｒ♂r
T|ｔ|Ｔ♂t
Y|ｙ|Ｙ♂y
U|ｕ|Ｕ♂u
I|ｉ|Ｉ♂i
O|ｏ|Ｏ♂o
P|ｐ|Ｐ♂p
A|ａ|Ａ♂a
S|ｓ|Ｓ♂s
D|ｄ|Ｄ♂d
F|ｆ|Ｆ♂f
G|ｇ|Ｇ♂g
H|ｈ|Ｈ♂h
J|ｊ|Ｊ♂j
K|ｋ|Ｋ♂k
L|ｌ|Ｌ♂l
Z|ｚ|Ｚ♂z
X|ｘ|Ｘ♂x
C|ｃ|Ｃ♂c
V|ｖ|Ｖ♂v
B|ｂ|Ｂ♂b
N|ｎ|Ｎ♂n
M|ｍ|Ｍ♂m
１|①|㈠|⑴|⒈|Ⅰ|ⅰ♂1
２|②|㈡|⑵|⒉|Ⅱ|ⅱ♂2
３|③|㈢|⑶|⒊|Ⅲ|ⅲ♂3
４|④|㈣|⑷|⒋|Ⅳ|ⅳ♂4
５|⑤|㈤|⑸|⒌|Ⅴ|ⅴ♂5
⒅|⒙♂18
⒆|⒚♂19
⒇|⒛♂20
⑩|⑽|⒑♂10
а|ａ♂a
℃|С|с|Ｃ|ｃ♂c
C|℃|С|с|Ｃ|ｃ♂c
D|Ｄ|ｄ♂d
E|Ё|ё|Е|е|Ε|ε|Ｅ|ｅ♂e
F|℉|Ｆ|ｆ♂f
G|ɡ|Ｇ|ｇ♂g
H|Н|н|Η|Ｈ|ｈ♂h
I|ì|í|ī|ǐ|∣|Ⅰ|ⅰ|Ι|ι|Ｉ|ｉ♂i
J|Ｊ|ｊ♂j
K|К|к|Κ|κ|Ｋ|ｋ♂k
L|Ｌ|ｌ♂l
M||М|м|Μ|Ｍ|ｍ♂m
N||ń|ň|∏|∩|И|и|Й|й|Ν|Ｎ|ｎ♂n
O|ò|ó|ō|ǒ|О|о|Ο|ο|Ｏ|ｏ♂o
P|Р|р|Ρ|p|ρ|Ｐ|ｐ|p♂p
Q|Ｑ|ｑ♂q
R|Я|я|Ｒ|ｒ♂r
S|Ｓ|ｓ♂s
T|Т|т|Τ|τ|Ｔ|ｔ♂t
U|ū|ú|ǔ|ù|ǖ|ǘ|ǚ|ǜ|ü|∪|υ|Ｕ|ｕ♂u
V|Ⅴ|∨|ˇ|Ｖ|ｖ♂v
W|ω|w|w|Ｗ|ｗ♂w
X|×|Ⅹ|ⅹ|Х|х|Χ|χ|Ｘ|ｘ♂x
Y|У|у|Ｙ|ｙ♂y
Z|Ζ|Ｚ|ｚ♂z
１０|⑩|㈩|⑽|⒑♂10
０♂0
．♂.
Q|ｑ|Ｑ♂q
W|ｗ|Ｗ♂w
E|ｅ|Ｅ♂e
R|ｒ|Ｒ♂r
T|ｔ|Ｔ♂t
Y|ｙ|Ｙ♂y
U|ｕ|Ｕ♂u
I|ｉ|Ｉ♂i
O|ｏ|Ｏ♂o
P|ｐ|Ｐ♂p
A|ａ|Ａ♂a
S|ｓ|Ｓ♂s
D|ｄ|Ｄ♂d
F|ｆ|Ｆ♂f
G|ｇ|Ｇ♂g
H|ｈ|Ｈ♂h
J|ｊ|Ｊ♂j
K|ｋ|Ｋ♂k
L|ｌ|Ｌ♂l
Z|ｚ|Ｚ♂z
X|ｘ|Ｘ♂x
C|ｃ|Ｃ♂c
V|ｖ|Ｖ♂v
B|ｂ|Ｂ♂b
N|ｎ|Ｎ♂n
M|ｍ|Ｍ♂m
１|①|㈠|⑴|⒈|Ⅰ|ⅰ♂1
２|②|㈡|⑵|⒉|Ⅱ|ⅱ♂2
３|③|㈢|⑶|⒊|Ⅲ|ⅲ♂3
４|④|㈣|⑷|⒋|Ⅳ|ⅳ♂4
５|⑤|㈤|⑸|⒌|Ⅴ|ⅴ♂5
６|ⅵ|Ⅵ|⒍|⑹|㈥|⑥♂6
７|⑦|㈦|⑺|⒎|Ⅶ|ⅶ♂7
８|⑧|㈧|⑻|⒏|Ⅷ|ⅷ♂8
９|ⅸ|Ⅸ|⒐|⑼|㈨|⑨♂9
１０|⑩|㈩|⑽|⒑|Ⅹ|ⅹ♂10
а|ａ♂a
℃|С|с|Ｃ|ｃ♂c
C|℃|С|с|Ｃ|ｃ♂c
D|Ｄ|ｄ♂d
E|Ё|ё|Е|е|Ε|ε|Ｅ|ｅ♂e
F|℉|Ｆ|ｆ♂f
G|ɡ|Ｇ|ｇ♂g
H|Н|н|Η|Ｈ|ｈ♂h
I|ì|í|ī|ǐ|∣|Ⅰ|ⅰ|Ι|ι|Ｉ|ｉ♂i
J|Ｊ|ｊ♂j
K|К|к|Κ|κ|Ｋ|ｋ♂k
L|Ｌ|ｌ♂l
M||М|м|Μ|Ｍ|ｍ♂m
N||ń|ň|∏|∩|И|и|Й|й|Ν|Ｎ|ｎ♂n
O|ò|ó|ō|ǒ|О|о|Ο|ο|Ｏ|ｏ♂o
P|Р|р|Ρ|p|ρ|Ｐ|ｐ|p♂p
Q|Ｑ|ｑ♂q
R|Я|я|Ｒ|ｒ♂r
S|Ｓ|ｓ♂s
T|Т|т|Τ|τ|Ｔ|ｔ♂t
U|ū|ú|ǔ|ù|ǖ|ǘ|ǚ|ǜ|ü|∪|υ|Ｕ|ｕ♂u
V|Ⅴ|∨|ˇ|Ｖ|ｖ♂v
W|ω|w|w|Ｗ|ｗ♂w
X|×|Ⅹ|ⅹ|Х|х|Χ|χ|Ｘ|ｘ♂x
Y|У|у|Ｙ|ｙ♂y
Z|Ζ|Ｚ|ｚ♂z
１|①|⑴|⒈|㈠♂1
２|②|⑵|⒉|㈡♂2
３|③|⑶|⒊|З|з|㈢♂3
４|④|⑷|⒋|㈣♂4
５|⑤|⑸|⒌|㈤♂5
６|⑥|⑹|⒍|б|㈥♂6
７|⑦|⑺|⒎|㈦♂7
８|⑧|⑻|⒏|㈧♂8
９|⑨|⑼|⒐|㈨♂9
０♂0
⑩|⑽|⒑♂10
⑾|⒒♂11
⑿|⒓♂12
⒀|⒔♂13
⒁|⒕♂14
⒂|⒖♂15
⒃|⒗♂16
⒄|⒘♂17
⒅|⒙♂18
⒆|⒚♂19
⒇|⒛♂20</FilterPattern>
    <Method>Match</Method>
    <Options>IgnoreCase Singleline</Options>
    <Pattern>&lt;div id="BookText"&gt;(.+?)&lt;/div&gt;</Pattern>
    <RegexName>PubContentText</RegexName>
  </PubContentText>
  <PubContentPageUrl>
    <FilterPattern />
    <Method>Match</Method>
    <Options>None</Options>
    <Pattern />
    <RegexName />
  </PubContentPageUrl>
  <PubContentPageKey>
    <FilterPattern />
    <Method>Match</Method>
    <Options>None</Options>
    <Pattern />
    <RegexName />
  </PubContentPageKey>
  <PubContentReplace>
    <FilterPattern />
    <Method>Match</Method>
    <Options>IgnoreCase</Options>
    <Pattern>请记住本书首发域名：。♂
请记住本书首发域名♂
手机版阅读网址：♂
手机版阅读网址♂</Pattern>
    <RegexName>PubContentReplace</RegexName>
  </PubContentReplace>
  <PubContentChapterName>
    <FilterPattern />
    <Method>Match</Method>
    <Options>None</Options>
    <Pattern />
    <RegexName />
  </PubContentChapterName>
  <PubContentChapterNum>
    <FilterPattern />
    <Method>Match</Method>
    <Options>None</Options>
    <Pattern />
    <RegexName />
  </PubContentChapterNum>
</RuleConfigInfo>