<?xml version="1.0"?>
<RuleConfigInfo xmlns:xsi="http://www.w3.org/2001/XMLSchema-instance" xmlns:xsd="http://www.w3.org/2001/XMLSchema">
  <RuleVersion>
    <FilterPattern />
    <Method>Match</Method>
    <Options>None</Options>
    <Pattern />
    <RegexName>RuleVersion</RegexName>
  </RuleVersion>
  <RuleID>
    <FilterPattern />
    <Method>Match</Method>
    <Options>None</Options>
    <Pattern>22</Pattern>
    <RegexName>RuleID</RegexName>
  </RuleID>
  <GetSiteName>
    <FilterPattern />
    <Method>Match</Method>
    <Options>None</Options>
    <Pattern>http://www.lread.net/</Pattern>
    <RegexName>GetSiteName</RegexName>
  </GetSiteName>
  <GetSiteCharset>
    <FilterPattern />
    <Method>Match</Method>
    <Options>None</Options>
    <Pattern>gbk</Pattern>
    <RegexName>GetSiteCharset</RegexName>
  </GetSiteCharset>
  <GetSiteUrl>
    <FilterPattern />
    <Method>Match</Method>
    <Options>None</Options>
    <Pattern>https://www.lread.net/</Pattern>
    <RegexName>GetSiteUrl</RegexName>
  </GetSiteUrl>
  <NovelSearchUrl>
    <FilterPattern />
    <Method>Match</Method>
    <Options>None</Options>
    <Pattern />
    <RegexName>NovelSearchUrl</RegexName>
  </NovelSearchUrl>
  <NovelSearchData>
    <FilterPattern />
    <Method>Match</Method>
    <Options>None</Options>
    <Pattern />
    <RegexName>NovelSearchData</RegexName>
  </NovelSearchData>
  <NovelSearch_GetNovelKey>
    <FilterPattern />
    <Method>Match</Method>
    <Options>None</Options>
    <Pattern />
    <RegexName>NovelSearch_GetNovelKey</RegexName>
  </NovelSearch_GetNovelKey>
  <NovelListUrl>
    <FilterPattern />
    <Method>Match</Method>
    <Options>None</Options>
    <Pattern>https://www.lread.net/</Pattern>
    <RegexName>NovelListUrl</RegexName>
  </NovelListUrl>
  <NovelListFilter>
    <FilterPattern />
    <Method>Match</Method>
    <Options>None</Options>
    <Pattern />
    <RegexName>NovelListFilter</RegexName>
  </NovelListFilter>
  <NovelList_GetNovelKey>
    <FilterPattern />
    <Method>Match</Method>
    <Options>IgnoreCase</Options>
    <Pattern>&lt;li&gt;&lt;a href="/read/(\d*)/"&gt;.+?&lt;/a&gt;/著：(.+?)&lt;/li&gt;</Pattern>
    <RegexName>NovelList_GetNovelKey</RegexName>
  </NovelList_GetNovelKey>
  <NovelUrl>
    <FilterPattern />
    <Method>Match</Method>
    <Options>None</Options>
    <Pattern>https://www.lread.net/read/{NovelKey}/</Pattern>
    <RegexName>NovelUrl</RegexName>
  </NovelUrl>
  <NovelErr>
    <FilterPattern />
    <Method>Match</Method>
    <Options>None</Options>
    <Pattern>当前小说页不存在</Pattern>
    <RegexName>NovelErr</RegexName>
  </NovelErr>
  <NovelName>
    <FilterPattern />
    <Method>Match</Method>
    <Options>Singleline</Options>
    <Pattern>&lt;h1&gt;(.+?)&lt;/h1&gt;</Pattern>
    <RegexName>NovelName</RegexName>
  </NovelName>
  <NovelAuthor>
    <FilterPattern />
    <Method>Match</Method>
    <Options>None</Options>
    <Pattern>&lt;meta name="description" content=".+?最新章节由作家(.+?)创作</Pattern>
    <RegexName>NovelAuthor</RegexName>
  </NovelAuthor>
  <LagerSort>
    <FilterPattern />
    <Method>Match</Method>
    <Options>IgnoreCase</Options>
    <Pattern>;类别：&lt;a href="/sort/\d*/\d*.html/"&gt;(.+?)&lt;/a&gt;</Pattern>
    <RegexName>LagerSort</RegexName>
  </LagerSort>
  <SmallSort>
    <FilterPattern />
    <Method>Match</Method>
    <Options>IgnoreCase</Options>
    <Pattern>;类别：&lt;a href="/sort/\d*/\d*.html/"&gt;(.+?)&lt;/a&gt;</Pattern>
    <RegexName>SmallSort</RegexName>
  </SmallSort>
  <NovelIntro>
    <FilterPattern>各位书友.+?阅读哦！</FilterPattern>
    <Method>Match</Method>
    <Options>IgnoreCase</Options>
    <Pattern>&lt;div id="intro"&gt;((.|\n)+?)&lt;div class="box_con"&gt;</Pattern>
    <RegexName>NovelIntro</RegexName>
  </NovelIntro>
  <NovelKeyword>
    <FilterPattern />
    <Method>Match</Method>
    <Options>None</Options>
    <Pattern />
    <RegexName>NovelKeyword</RegexName>
  </NovelKeyword>
  <NovelDegree>
    <FilterPattern />
    <Method>Match</Method>
    <Options>None</Options>
    <Pattern />
    <RegexName>NovelDegree</RegexName>
  </NovelDegree>
  <NovelCover>
    <FilterPattern />
    <Method>Match</Method>
    <Options>None</Options>
    <Pattern>&lt;div id="fmimg"&gt;&lt;img alt=".+?" src="(.+?)" width="120px" height="150px"/&gt;&lt;/div&gt;</Pattern>
    <RegexName>NovelCover</RegexName>
  </NovelCover>
  <NovelDefaultCoverUrl>
    <FilterPattern />
    <Method>Match</Method>
    <Options>IgnoreCase</Options>
    <Pattern>nocover.jpg</Pattern>
    <RegexName>NovelDefaultCoverUrl</RegexName>
  </NovelDefaultCoverUrl>
  <NovelInfo_GetNovelPubKey>
    <FilterPattern />
    <Method>Match</Method>
    <Options>None</Options>
    <Pattern />
    <RegexName>NovelInfo_GetNovelPubKey</RegexName>
  </NovelInfo_GetNovelPubKey>
  <PubCookies>
    <FilterPattern />
    <Method>Match</Method>
    <Options>None</Options>
    <Pattern />
    <RegexName>PubCookies</RegexName>
  </PubCookies>
  <PubIndexUrl>
    <FilterPattern />
    <Method>Match</Method>
    <Options>None</Options>
    <Pattern>https://www.lread.net/read/{NovelKey}/</Pattern>
    <RegexName>PubIndexUrl</RegexName>
  </PubIndexUrl>
  <PubIndexErr>
    <FilterPattern />
    <Method>Match</Method>
    <Options>None</Options>
    <Pattern>当前小说页不存在</Pattern>
    <RegexName>PubIndexErr</RegexName>
  </PubIndexErr>
  <PubVolumeContent>
    <FilterPattern />
    <Method>Match</Method>
    <Options>IgnoreCase</Options>
    <Pattern />
    <RegexName>PubVolumeContent</RegexName>
  </PubVolumeContent>
  <PubVolumeSplit>
    <FilterPattern />
    <Method>Match</Method>
    <Options>None</Options>
    <Pattern>&lt;div id="list"&gt;</Pattern>
    <RegexName>PubVolumeSplit</RegexName>
  </PubVolumeSplit>
  <PubVolumeName>
    <FilterPattern />
    <Method>Match</Method>
    <Options>None</Options>
    <Pattern />
    <RegexName>PubVolumeName</RegexName>
  </PubVolumeName>
  <PubChapterName>
    <FilterPattern />
    <Method>Match</Method>
    <Options>Singleline</Options>
    <Pattern>&lt;dd&gt;&lt;a href="/read/\d*/\d*.html" title="(.+?)"&gt;.+?&lt;/a&gt;&lt;/dd&gt;</Pattern>
    <RegexName>PubChapterName</RegexName>
  </PubChapterName>
  <PubChapter_GetChapterKey>
    <FilterPattern />
    <Method>Match</Method>
    <Options>Singleline</Options>
    <Pattern>&lt;dd&gt;&lt;a href="/read/\d*/(\d*).html" title=".+?"&gt;.+?&lt;/a&gt;&lt;/dd&gt;</Pattern>
    <RegexName>PubChapter_GetChapterKey</RegexName>
  </PubChapter_GetChapterKey>
  <PubContentUrl>
    <FilterPattern />
    <Method>Match</Method>
    <Options>None</Options>
    <Pattern>https://www.lread.net/read/{NovelKey}/{ChapterKey}.html</Pattern>
    <RegexName>PubContentUrl</RegexName>
  </PubContentUrl>
  <PubContentErr>
    <FilterPattern />
    <Method>Match</Method>
    <Options>None</Options>
    <Pattern />
    <RegexName>PubContentErr</RegexName>
  </PubContentErr>
  <PubTextUrl>
    <FilterPattern />
    <Method>Match</Method>
    <Options>IgnoreCase Singleline</Options>
    <Pattern />
    <RegexName>PubTextUrl</RegexName>
  </PubTextUrl>
  <PubContentText>
    <FilterPattern>document.write
&lt;div class="ad250"&gt;
&lt;script.+?script&gt;
&lt;div.+?/div&gt; 
&lt;/div&gt;
ｗ.+?M
&lt;a href=http://www.xxx.com&gt;
xxx中文网
w.+?m
m.xxx.com
起点原创！
手机用户请到阅读。
&lt;a&gt;
&lt;/a&gt;
欢迎广大书友光临阅读，最新、最快、最火的连载作品尽在
看最新章节
\*</FilterPattern>
    <Method>Match</Method>
    <Options>IgnoreCase</Options>
    <Pattern>&lt;div class="content" id="booktext"&gt;((.|\n)*)&lt;div class="bottem"&gt;</Pattern>
    <RegexName>PubContentText</RegexName>
  </PubContentText>
  <PubContentPageUrl>
    <FilterPattern />
    <Method>Match</Method>
    <Options>None</Options>
    <Pattern />
    <RegexName>PubContentPageUrl</RegexName>
  </PubContentPageUrl>
  <PubContentPageKey>
    <FilterPattern />
    <Method>Match</Method>
    <Options>None</Options>
    <Pattern />
    <RegexName>PubContentPageKey</RegexName>
  </PubContentPageKey>
  <PubContentReplace>
    <FilterPattern />
    <Method>Match</Method>
    <Options>None</Options>
    <Pattern>[MｍＭМm].{0,22}[nNｎＮлńň].{0,4}[eEｅЕЁёêēéěè].{0,4}[tTｔＴ]
[MｍＭМm].{0,22}[CｃＣ℃Ссc].{0,4}[Oｏ０ОΟо○0Ｏoōóǒò].{0,4}[MｍＭМm]
[MｍＭМm].{0,22}[CｃＣ℃Ссc].{0,4}[CｃＣ℃Ссc]
[MｍＭМm].{0,22}[CｃＣ℃Ссc].{0,4}[nNｎＮлńň]
[WｗＷwω].{0,4}[WｗＷωw].{0,4}[WｗＷωw].{0,22}[nNｎＮлńň].{0,4}[eEｅЕЁёêēéěè].{0,4}[tTｔＴ]
[WｗＷwω].{0,4}[WｗＷωw].{0,4}[WｗＷωw].{0,22}[CｃＣ℃Ссc].{0,4}[Oｏ０ОΟо○0Ｏoōóǒò].{0,4}[MｍＭМm]
[WｗＷwω].{0,4}[WｗＷωw].{0,4}[WｗＷωw].{0,22}[CｃＣ℃Ссc].{0,4}[CｃＣ℃Ссc]
[WｗＷwω].{0,4}[WｗＷωw].{0,4}[WｗＷωw].{0,22}[CｃＣ℃Ссc].{0,4}[nNｎＮлńň]
[nNｎＮлńň][eEｅЕЁёêēéěè][tTｔＴ]
[CｃＣ℃Ссc][nNｎＮлńň]
[CｃＣ℃Ссc][Oｏ０ОΟо○0Ｏoōóǒò][MｍＭМm]
[CｃＣ℃Ссc][CｃＣ℃Ссc]
[WｗＷwω][WｗＷωw][WｗＷωw]
[WｗＷwω][AａＡaаαāáǎà][PｐＰрp]
[HｈＨh][TｔＴt][TｔＴt][PｐＰрp][：:]
【５１文学网】发布，更多章节请到
如果您喜欢这部作品，欢迎您来起点（qidian.）投推荐票、月票，您的支持，就是我最大的动力。手机用户请到阅读。</Pattern>
    <RegexName>PubContentReplace</RegexName>
  </PubContentReplace>
  <PubContentChapterName>
    <FilterPattern />
    <Method>Match</Method>
    <Options>None</Options>
    <Pattern />
    <RegexName>PubContentChapterName</RegexName>
  </PubContentChapterName>
  <PubContentChapterNum>
    <FilterPattern />
    <Method>Match</Method>
    <Options>None</Options>
    <Pattern />
    <RegexName>PubContentChapterNum</RegexName>
  </PubContentChapterNum>
</RuleConfigInfo>