<?xml version="1.0"?>
<RuleConfigInfo xmlns:xsi="http://www.w3.org/2001/XMLSchema-instance" xmlns:xsd="http://www.w3.org/2001/XMLSchema">
  <RuleVersion>
    <FilterPattern />
    <Method>Match</Method>
    <Options>None</Options>
    <Pattern />
    <RegexName>RuleVersion</RegexName>
  </RuleVersion>
  <RuleID>
    <FilterPattern />
    <Method>Match</Method>
    <Options>None</Options>
    <Pattern />
    <RegexName>RuleID</RegexName>
  </RuleID>
  <GetSiteName>
    <FilterPattern />
    <Method>Match</Method>
    <Options>None</Options>
    <Pattern>x23us</Pattern>
    <RegexName>GetSiteName</RegexName>
  </GetSiteName>
  <GetSiteCharset>
    <FilterPattern />
    <Method>Match</Method>
    <Options>None</Options>
    <Pattern>gbk</Pattern>
    <RegexName>GetSiteCharset</RegexName>
  </GetSiteCharset>
  <GetSiteUrl>
    <FilterPattern />
    <Method>Match</Method>
    <Options>None</Options>
    <Pattern>https://www.x23us.com/</Pattern>
    <RegexName>GetSiteUrl</RegexName>
  </GetSiteUrl>
  <NovelSearchUrl>
    <FilterPattern />
    <Method>Match</Method>
    <Options>None</Options>
    <Pattern />
    <RegexName>NovelSearchUrl</RegexName>
  </NovelSearchUrl>
  <NovelSearchData>
    <FilterPattern />
    <Method>Match</Method>
    <Options>None</Options>
    <Pattern />
    <RegexName>NovelSearchData</RegexName>
  </NovelSearchData>
  <NovelSearch_GetNovelKey>
    <FilterPattern />
    <Method>Match</Method>
    <Options>None</Options>
    <Pattern />
    <RegexName>NovelSearch_GetNovelKey</RegexName>
  </NovelSearch_GetNovelKey>
  <NovelListUrl>
    <FilterPattern />
    <Method>Match</Method>
    <Options>None</Options>
    <Pattern>https://www.x23us.com/top/lastupdate_1.html</Pattern>
    <RegexName>NovelListUrl</RegexName>
  </NovelListUrl>
  <NovelListFilter>
    <FilterPattern />
    <Method>Match</Method>
    <Options>None</Options>
    <Pattern />
    <RegexName />
  </NovelListFilter>
  <NovelList_GetNovelKey>
    <FilterPattern />
    <Method>Match</Method>
    <Options>None</Options>
    <Pattern>&lt;td class="L"&gt;&lt;a href="https://www.x23us.com/book/(\d*)" title=".+?"&gt;.+?&lt;/a&gt;&lt;a href=".+?" target="_blank"&gt;(.+?)&lt;/a&gt;</Pattern>
    <RegexName>NovelList_GetNovelKey</RegexName>
  </NovelList_GetNovelKey>
  <NovelUrl>
    <FilterPattern />
    <Method>Match</Method>
    <Options>None</Options>
    <Pattern>https://www.x23us.com/book/{NovelKey}</Pattern>
    <RegexName>NovelUrl</RegexName>
  </NovelUrl>
  <NovelErr>
    <FilterPattern />
    <Method>Match</Method>
    <Options>None</Options>
    <Pattern>对不起，该文章不存在</Pattern>
    <RegexName>NovelErr</RegexName>
  </NovelErr>
  <NovelName>
    <FilterPattern />
    <Method>Match</Method>
    <Options>IgnoreCase</Options>
    <Pattern>&lt;dd&gt;&lt;h1&gt;(.+?) 全文阅读&lt;/h1&gt;&lt;/dd&gt;</Pattern>
    <RegexName>NovelName</RegexName>
  </NovelName>
  <NovelAuthor>
    <FilterPattern />
    <Method>Match</Method>
    <Options>None</Options>
    <Pattern>文章作者&lt;/th&gt;&lt;td&gt;&amp;nbsp;(.+?)&lt;/td&gt;</Pattern>
    <RegexName>NovelAuthor</RegexName>
  </NovelAuthor>
  <LagerSort>
    <FilterPattern />
    <Method>Match</Method>
    <Options>None</Options>
    <Pattern>文章类别&lt;/th&gt;&lt;td&gt;&amp;nbsp;&lt;a href=".+?"&gt;(.+?)&lt;/a&gt;</Pattern>
    <RegexName>LagerSort</RegexName>
  </LagerSort>
  <SmallSort>
    <FilterPattern />
    <Method>Match</Method>
    <Options>None</Options>
    <Pattern>文章类别&lt;/th&gt;&lt;td&gt;&amp;nbsp;&lt;a href=".+?"&gt;(.+?)&lt;/a&gt;</Pattern>
    <RegexName>SmallSort</RegexName>
  </SmallSort>
  <NovelIntro>
    <FilterPattern>&lt;/p&gt;
&lt;table.+?&gt;
&lt;/table&gt;
&lt;tr&gt;
&lt;/tr&gt;
&lt;script&gt;.+?&lt;/script&gt;
&lt;td.+?&gt;
&amp;amp;
lt;
div
id=
&amp;amp;
quot;
&lt;/td&gt;</FilterPattern>
    <Method>Match</Method>
    <Options>None</Options>
    <Pattern>内容简介：&lt;/b&gt;&lt;/p&gt;((.|\n)+?)&lt;p style="height:10px;"&gt;&lt;/p&gt;</Pattern>
    <RegexName>NovelIntro</RegexName>
  </NovelIntro>
  <NovelKeyword>
    <FilterPattern />
    <Method>Match</Method>
    <Options>None</Options>
    <Pattern>&lt;dd&gt;&lt;h1&gt;(.+?) 全文阅读&lt;/h1&gt;&lt;/dd&gt;</Pattern>
    <RegexName>NovelKeyword</RegexName>
  </NovelKeyword>
  <NovelDegree>
    <FilterPattern />
    <Method>Match</Method>
    <Options>None</Options>
    <Pattern>文章状态&lt;/th&gt;&lt;td&gt;&amp;nbsp;(.+?)&lt;/td&gt;</Pattern>
    <RegexName>NovelDegree</RegexName>
  </NovelDegree>
  <NovelCover>
    <FilterPattern />
    <Method>Match</Method>
    <Options>None</Options>
    <Pattern>&lt;img style="padding:7px; border:1px solid #E4E4E4; width:120px; height:150px; margin:0 25px 0 15px;" alt=".+?" src="(.+?)"</Pattern>
    <RegexName>NovelCover</RegexName>
  </NovelCover>
  <NovelDefaultCoverUrl>
    <FilterPattern />
    <Method>Match</Method>
    <Options>None</Options>
    <Pattern />
    <RegexName>NovelDefaultCoverUrl</RegexName>
  </NovelDefaultCoverUrl>
  <NovelInfo_GetNovelPubKey>
    <FilterPattern />
    <Method>Match</Method>
    <Options>None</Options>
    <Pattern>&lt;a class="read" href="(.+?)" title=".+?"&gt;章节列表&lt;/a&gt;</Pattern>
    <RegexName>NovelInfo_GetNovelPubKey</RegexName>
  </NovelInfo_GetNovelPubKey>
  <PubCookies>
    <FilterPattern />
    <Method>Match</Method>
    <Options>None</Options>
    <Pattern />
    <RegexName>PubCookies</RegexName>
  </PubCookies>
  <PubIndexUrl>
    <FilterPattern />
    <Method>Match</Method>
    <Options>None</Options>
    <Pattern>{NovelPubKey}</Pattern>
    <RegexName>PubIndexUrl</RegexName>
  </PubIndexUrl>
  <PubIndexErr>
    <FilterPattern />
    <Method>Match</Method>
    <Options>None</Options>
    <Pattern>无法找到该页</Pattern>
    <RegexName>PubIndexErr</RegexName>
  </PubIndexErr>
  <PubVolumeContent>
    <FilterPattern />
    <Method>Match</Method>
    <Options>None</Options>
    <Pattern />
    <RegexName>PubVolumeContent</RegexName>
  </PubVolumeContent>
  <PubVolumeSplit>
    <FilterPattern />
    <Method>Spilt</Method>
    <Options>None</Options>
    <Pattern>&lt;th colspan="</Pattern>
    <RegexName>PubVolumeSplit</RegexName>
  </PubVolumeSplit>
  <PubVolumeName>
    <FilterPattern />
    <Method>Match</Method>
    <Options>None</Options>
    <Pattern>4"&gt;(.+?)&lt;/td&gt;&lt;/tr&gt;</Pattern>
    <RegexName>PubVolumeName</RegexName>
  </PubVolumeName>
  <PubChapterName>
    <FilterPattern />
    <Method>Match</Method>
    <Options>None</Options>
    <Pattern>&lt;td class="L"&gt;&lt;a href=".+?"&gt;(.+?)&lt;/a&gt;</Pattern>
    <RegexName>PubChapterName</RegexName>
  </PubChapterName>
  <PubChapter_GetChapterKey>
    <FilterPattern />
    <Method>Match</Method>
    <Options>None</Options>
    <Pattern>&lt;td class="L"&gt;&lt;a href="(\d*).html"&gt;.+?&lt;/a&gt;</Pattern>
    <RegexName>PubChapter_GetChapterKey</RegexName>
  </PubChapter_GetChapterKey>
  <PubContentUrl>
    <FilterPattern />
    <Method>Match</Method>
    <Options>None</Options>
    <Pattern>{ChapterKey}.html</Pattern>
    <RegexName>PubContentUrl</RegexName>
  </PubContentUrl>
  <PubContentErr>
    <FilterPattern />
    <Method>Match</Method>
    <Options>None</Options>
    <Pattern>无法找到该页</Pattern>
    <RegexName>PubContentErr</RegexName>
  </PubContentErr>
  <PubTextUrl>
    <FilterPattern />
    <Method>Match</Method>
    <Options>None</Options>
    <Pattern />
    <RegexName>PubTextUrl</RegexName>
  </PubTextUrl>
  <PubContentText>
    <FilterPattern>顶点小说.+?更新最快</FilterPattern>
    <Method>Match</Method>
    <Options>None</Options>
    <Pattern>&lt;dd id="contents"&gt;((.|\n)+?)&lt;/dd&gt;</Pattern>
    <RegexName>PubContentText</RegexName>
  </PubContentText>
  <PubContentPageUrl>
    <FilterPattern />
    <Method>Match</Method>
    <Options>None</Options>
    <Pattern />
    <RegexName />
  </PubContentPageUrl>
  <PubContentPageKey>
    <FilterPattern />
    <Method>Match</Method>
    <Options>None</Options>
    <Pattern />
    <RegexName />
  </PubContentPageKey>
  <PubContentReplace>
    <FilterPattern />
    <Method>Match</Method>
    <Options>None</Options>
    <Pattern />
    <RegexName>PubContentReplace</RegexName>
  </PubContentReplace>
  <PubContentChapterName>
    <FilterPattern />
    <Method>Match</Method>
    <Options>None</Options>
    <Pattern />
    <RegexName />
  </PubContentChapterName>
  <PubContentChapterNum>
    <FilterPattern />
    <Method>Match</Method>
    <Options>None</Options>
    <Pattern />
    <RegexName />
  </PubContentChapterNum>
</RuleConfigInfo>