<?xml version="1.0"?>
<TaskConfigInfo xmlns:xsi="http://www.w3.org/2001/XMLSchema-instance" xmlns:xsd="http://www.w3.org/2001/XMLSchema">
  <ReplaceChapterNameOn>false</ReplaceChapterNameOn>
  <ChapterUrlWait>10</ChapterUrlWait>
  <CheckRepeat>true</CheckRepeat>
  <CheckVolume>false</CheckVolume>
  <CompulsoryDeleteChapter>false</CompulsoryDeleteChapter>
  <DelChapter>false</DelChapter>
  <DeleteChapter>false</DeleteChapter>
  <DonnotCollectLastChapterNo>0</DonnotCollectLastChapterNo>
  <GoRepeatChapter>0</GoRepeatChapter>
  <IpStatic>true</IpStatic>
  <IpStaticNum>999</IpStaticNum>
  <IpTimeNum>10</IpTimeNum>
  <EmptyChapter>0</EmptyChapter>
  <EqualsChapter>4</EqualsChapter>
  <FilterChapterName>
    <string>章节</string>
    <string>章节1</string>
    <string>章节2</string>
  </FilterChapterName>
  <FilterContinueChapterName>
    <string>章节11</string>
    <string>章节111</string>
    <string>章节211</string>
  </FilterContinueChapterName>
  <FilterContinueVolume>
    <string>正文</string>
    <string>章节目录</string>
  </FilterContinueVolume>
  <FilterFinish>true</FilterFinish>
  <FilterNovel>
    <string />
  </FilterNovel>
  <FilterNovelType>0</FilterNovelType>
  <FilterVolume>
    <string />
  </FilterVolume>
  <FindMaxChapterNum>10000</FindMaxChapterNum>
  <Finish>true</Finish>
  <GetListUrl>
    <string>http://www.mayitxt.com/shuku/lastupdate_0_0_0_0_0_0_2.html</string>
  </GetListUrl>
  <GetOrderMaxId>1000</GetOrderMaxId>
  <GetOrderMinId>100</GetOrderMinId>
  <GetSinceId>
    <string>91484</string>
  </GetSinceId>
  <Hidebook>false</Hidebook>
  <IpUrl>http://www.66ip.cn/nmtq.php?getnum=9999&amp;isp=0&amp;anonymoustype=0&amp;start=&amp;ports=&amp;export=&amp;ipaddress=&amp;area=0&amp;proxytype=2&amp;api=66ip</IpUrl>
  <ID>53E640D9-7141-49ED-B15B-B22DFCAD25EE</ID>
  <IndexUrlWait>0</IndexUrlWait>
  <Interval>10</Interval>
  <Log>true</Log>
  <MinChapterNum>10</MinChapterNum>
  <MinChapterTextLength>10</MinChapterTextLength>
  <NameAndAuthor>true</NameAndAuthor>
  <NewBook>true</NewBook>
  <NoPBar>false</NoPBar>
  <NovelUrlWait>0</NovelUrlWait>
  <OldBook>true</OldBook>
  <OnlyReplaceSort>true</OnlyReplaceSort>
  <OnlyText>true</OnlyText>
  <OrderChapter>2</OrderChapter>
  <OtherEncoding>gb2312</OtherEncoding>
  <OtherListUrl>http://www.qidian.com/Book/NewVipBookChapterList.aspx</OtherListUrl>
  <OtherRegex>bs\[\d*\] = new Book\('\d*','(.+?)','\d*'</OtherRegex>
  <ProhibitionVolume>false</ProhibitionVolume>
  <Proxy>false</Proxy>
  <NovelListUrlProxy>false</NovelListUrlProxy>
  <NovelUrlProxy>false</NovelUrlProxy>
  <PubIndexUrlProxy>false</PubIndexUrlProxy>
  <PubContentUrlProxy>false</PubContentUrlProxy>
  <ProxyHost>125.25.197.140</ProxyHost>
  <ProxyPort>56774</ProxyPort>
  <PutOrderMaxId>0</PutOrderMaxId>
  <PutOrderMinId>0</PutOrderMinId>
  <PutSinceId>
    <string />
  </PutSinceId>
  <RadioBy>GetListUrl</RadioBy>
  <RepeatChapter>4</RepeatChapter>
  <RepeatChapterHandle>1</RepeatChapterHandle>
  <ReplaceChapter>false</ReplaceChapter>
  <ReplaceChapterNun>0</ReplaceChapterNun>
  <ReplaceFullflag>true</ReplaceFullflag>
  <ReplaceImgflag>true</ReplaceImgflag>
  <ReplaceIntro>true</ReplaceIntro>
  <ReplaceSort>true</ReplaceSort>
  <ReplaceSortId>0</ReplaceSortId>
  <RuleFile>Rules\mayitxt.xml</RuleFile>
  <StrongReplaceFullflag>true</StrongReplaceFullflag>
  <StrongReplaceImgflag>true</StrongReplaceImgflag>
  <StrongReplaceIntro>false</StrongReplaceIntro>
  <Timing>true</Timing>
  <Typesetting>true</Typesetting>
  <UpdateDefault>false</UpdateDefault>
</TaskConfigInfo>